V1,V2,Class
3.6216,8.6661,1
4.5459,8.1674,1
3.866,-2.6383,1
3.4566,9.5228,1
0.32924,-4.4552,1
4.3684,9.6718,1
3.5912,3.0129,1
2.0922,-6.81,1
3.2032,5.7588,1
1.5356,9.1772,1
1.2247,8.7779,1
3.9899,-2.7066,1
1.8993,7.6625,1
-1.5768,10.843,1
3.404,8.7261,1
4.6765,-3.3895,1
2.6719,3.0646,1
0.80355,2.8473,1
1.4479,-4.8794,1
5.2423,11.0272,1
5.7867,7.8902,1
0.3292,-4.4552,1
3.9362,10.1622,1
0.93584,8.8855,1
4.4338,9.887,1
0.7057,-5.4981,1
1.1432,-3.7413,1
-0.38214,8.3909,1
6.5633,9.8187,1
4.8906,-3.3584,1
-0.24811,-0.17797,1
1.4884,3.6274,1
4.2969,7.617,1
-0.96511,9.4111,1
-1.6162,0.80908,1
2.4391,6.4417,1
2.6881,6.0195,1
3.6289,0.81322,1
4.5679,3.1929,1
3.4805,9.7008,1
4.1711,8.722,1
-0.2062,9.2207,1
-0.006892,9.2931,1
0.96441,5.8395,1
2.8561,6.9176,1
-0.7869,9.5663,1
2.0843,6.6258,1
-0.7869,9.5663,1
3.9102,6.065,1
1.6349,3.286,1
4.3239,-4.8835,1
5.262,3.9834,1
3.1452,5.825,1
2.549,6.1499,1
4.9264,5.496,1
4.8265,0.80287,1
2.5635,6.7769,1
5.807,5.0097,1
3.1377,-4.1096,1
-0.78289,11.3603,1
2.888,0.44696,1
0.49665,5.527,1
4.2586,11.2962,1
1.7939,-1.1174,1
5.4021,3.1039,1
2.5367,2.599,1
4.6054,-4.0765,1
2.4235,9.5332,1
1.0009,7.7846,1
0.12326,8.9848,1
3.9529,-2.3548,1
4.1373,0.49248,1
4.7181,10.0153,1
4.1654,-3.4495,1
4.4069,10.9072,1
2.3066,3.5364,1
3.7935,7.9853,1
0.049175,6.1437,1
0.24835,7.6439,1
1.1317,3.9647,1
2.8033,9.0862,1
4.4682,2.2907,1
5.0185,8.5978,1
1.8664,7.7763,1
3.245,6.63,1
4.0296,2.6756,1
-1.1313,1.9037,1
0.87603,6.8141,1
4.1197,-2.7956,1
3.8027,0.81529,1
1.4806,7.6377,1
4.0632,3.584,1
4.3064,8.2068,1
2.4486,-6.3175,1
3.2718,1.7837,1
-0.64472,-4.6062,1
2.9543,1.076,1
2.1616,-6.8804,1
3.82,10.9279,1
-2.7419,11.4038,1
3.3669,-5.1856,1
4.5597,-2.4211,1
5.1129,-0.49871,1
3.3397,-4.6145,1
4.2027,0.22761,1
3.5438,1.2395,1
2.3136,10.6651,1
-1.8584,7.886,1
3.106,9.5414,1
2.9163,10.8306,1
3.9922,-4.4676,1
1.518,5.6946,1
3.2351,9.647,1
4.2188,6.8162,1
1.7819,6.9176,1
2.5331,2.9135,1
3.8969,7.4163,1
2.108,6.7955,1
2.8969,0.70768,1
0.9297,-3.7971,1
3.4642,10.6878,1
4.0713,10.4023,1
-1.4572,9.1214,1
-1.5075,1.9224,1
-0.91718,9.9884,1
2.994,7.2011,1
-2.343,12.9516,1
3.7818,-2.8846,1
4.6689,1.3098,1
3.4663,1.1112,1
3.2697,-4.3414,1
5.1302,8.6703,1
2.0139,6.1416,1
0.4339,5.5395,1
-1.0401,9.3987,1
4.1605,11.2196,1
5.438,9.4669,1
5.032,8.2026,1
5.2418,10.5388,1
-0.2062,9.2207,1
2.0911,0.94358,1
1.7317,-0.34765,1
4.1736,3.3336,1
3.9232,-3.2467,1
3.8481,10.1539,1
0.5195,-3.2633,1
3.8584,0.78425,1
1.7496,-0.1759,1
3.6277,0.9829,1
2.7391,7.4018,1
4.5447,8.2274,1
-1.7599,11.9211,1
5.0691,0.21313,1
3.4591,11.112,1
1.9358,8.1654,1
2.486,-0.99533,1
2.4226,-4.5752,1
3.9479,-3.7723,1
2.2634,-4.4862,1
1.3566,4.2358,1
5.0452,3.8964,1
3.5499,8.6165,1
0.17346,7.8695,1
2.4008,9.3593,1
4.8851,1.5995,1
4.1927,-3.2674,1
1.1166,8.6496,1
1.0235,6.901,1
-1.803,11.8818,1
0.11739,6.2761,1
0.5706,-0.0248,1
4.0552,-2.4583,1
-1.6952,1.0657,1
-1.1193,10.7271,1
1.8799,2.4707,1
3.583,-3.7971,1
0.19081,9.1297,1
3.6582,5.6864,1
-0.13144,-1.7775,1
2.3925,9.798,1
1.6426,3.0149,1
-0.11783,-1.5789,1
-0.69572,8.6165,1
2.9421,7.4101,1
-1.7559,11.9459,1
-1.2537,10.8803,1
3.2585,-4.4614,1
1.8314,6.3672,1
4.5645,-3.6275,1
2.7365,-5.0325,1
0.9297,-3.7971,1
3.9663,10.1684,1
1.4578,-0.08485,1
4.8272,3.0687,1
-2.341,12.3784,1
-1.8584,7.886,1
4.1454,7.257,1
1.9157,6.0816,1
4.0215,-2.1914,1
5.8862,5.8747,1
-2.0897,10.8265,1
4.0026,-3.5943,1
-0.78689,9.5663,1
4.1757,10.2615,1
0.83292,7.5404,1
4.8077,2.2327,1
5.3063,5.2684,1
2.5605,9.2683,1
2.1059,7.6046,1
2.1721,-0.73874,1
4.2899,9.1814,1
3.5156,10.1891,1
2.614,8.0081,1
0.68087,2.3259,1
4.1962,0.74493,1
6.0919,2.9673,1
1.3234,3.2964,1
1.3264,1.0326,1
-0.16735,7.6274,1
-1.3,10.2678,1
-2.2261,12.5398,1
2.4196,6.4665,1
1.0987,0.6394,1
4.6464,10.5326,1
-0.36038,4.1158,1
1.3562,3.2136,1
0.5706,-0.0248,1
-2.6479,10.1374,1
3.1219,-3.137,1
5.4944,1.5478,1
-1.3389,1.552,1
-2.3361,11.9604,1
2.2596,-0.033118,1
0.46901,-0.63321,1
2.7296,2.8701,1
2.0466,2.03,1
-1.3274,9.498,1
3.8905,-2.1521,1
3.9994,0.90427,1
2.3952,9.5083,1
3.2704,6.9321,1
-1.3931,1.5664,1
1.6406,3.5488,1
2.7744,6.8576,1
2.4287,9.3821,1
4.2134,-2.806,1
1.6472,0.48213,1
2.0597,-0.99326,1
0.3798,0.7098,1
1.0135,8.4551,1
4.5691,-4.4552,1
0.57461,10.1105,1
0.5734,9.1938,1
5.2868,3.257,1
4.0102,10.6568,1
4.1425,-3.6792,1
3.0934,-2.9177,1
2.2034,5.9947,1
3.744,0.79459,1
3.0329,2.2948,1
3.7731,7.2073,1
3.1557,2.8908,1
1.8114,7.6067,1
4.988,7.2052,1
2.483,6.6155,1
1.594,4.7055,1
-0.016103,9.7484,1
3.8496,9.7939,1
0.9297,-3.7971,1
4.9342,2.4107,1
3.8417,10.0215,1
5.3915,9.9946,1
4.4072,-0.070365,1
2.6946,6.7976,1
5.2756,0.13863,1
3.4312,6.2637,1
4.052,-0.16555,1
1.3638,-4.7759,1
0.89566,7.7763,1
1.9265,7.7557,1
0.20977,-0.46146,1
4.068,-2.9363,1
2.877,-4.0599,1
0.3223,-0.89808,1
-1.3,10.2678,1
1.7747,-6.4334,1
1.3419,-4.4221,1
0.89606,10.5471,1
0.44125,2.9487,1
3.2422,6.2265,1
2.5678,3.5136,1
-2.2153,11.9625,1
4.1349,6.1189,1
1.934,-9E-06,1
2.5068,1.1588,1
2.1464,6.0795,1
0.051979,7.0521,1
1.2706,8.035,1
1.143,0.83391,1
2.2928,9.0386,1
0.3292,-4.4552,1
2.9719,6.8369,1
1.6849,8.7489,1
-1.9177,11.6894,1
2.3729,10.4726,1
1.0284,9.767,1
0.27451,9.2186,1
1.6032,-4.7863,1
4.616,10.1788,1
4.2478,7.6956,1
4.0215,-2.7004,1
5.0297,-4.9704,1
1.5902,2.2948,1
2.1274,5.1939,1
1.1811,8.3847,1
0.3292,-4.4552,1
5.7353,5.2808,1
2.6718,5.6574,1
1.5799,-4.7076,1
2.9499,2.2493,1
0.5195,-3.2633,1
3.7352,9.5911,1
-1.7344,2.0175,1
3.884,10.0277,1
3.5257,1.2829,1
4.4549,2.4976,1
-0.16108,-6.4624,1
4.2164,9.4607,1
3.5152,6.8224,1
1.6988,2.9094,1
1.0607,2.4542,1
2.0421,1.2436,1
3.5594,1.3078,1
3.0009,5.8126,1
3.9294,1.4112,1
3.4667,-4.0724,1
3.966,3.9213,1
1.0191,2.33,1
0.96414,5.616,1
1.8205,6.7562,1
4.9923,7.8653,1
-1.1804,11.5093,1
4.0329,0.23175,1
0.66018,10.3878,1
3.5982,7.1307,1
-1.8584,7.886,1
4.0972,0.46972,1
3.3299,0.91254,1
3.1088,3.1122,1
-4.2859,8.5234,1
-1.2528,10.2036,1
0.5195,-3.2633,1
0.3292,-4.4552,1
0.88872,5.3449,1
3.5458,9.3718,1
-0.21661,8.0329,1
2.7206,9.0821,1
3.2051,8.6889,1
2.6917,10.8161,1
-2.3242,11.5176,1
2.7161,-4.2006,1
3.3848,3.2674,1
1.7452,4.8028,1
2.805,0.57732,1
5.7823,5.5788,1
3.8999,1.734,1
3.5189,6.332,1
3.2294,7.7391,1
3.4985,3.1639,1
2.1948,1.3781,1
2.2526,9.9636,1
4.1529,-3.9358,1
0.74307,11.17,1
1.9105,8.871,1
-1.5055,0.070346,1
0.58836,10.7727,1
3.2303,7.8384,1
-1.9922,11.6542,1
2.8523,9.0096,1
4.2772,2.4955,1
1.5099,0.039307,1
5.4188,10.1457,1
0.86202,2.6963,1
3.8117,10.1457,1
0.54777,10.3754,1
2.3718,7.4908,1
-2.4953,11.1472,1
4.6361,-2.6611,1
-2.2527,11.5321,1
3.7982,10.423,1
-0.36279,8.2895,1
2.1265,6.8783,1
0.86736,5.5643,1
3.7831,10.0526,1
-2.2623,12.1177,1
1.2616,4.4303,1
2.6799,3.1349,1
-0.39816,5.9781,1
4.3937,0.35798,1
2.9695,5.6222,1
1.3049,-0.15521,1
2.2123,-5.8395,1
1.9647,6.9383,1
3.0864,-2.5845,1
0.3798,0.7098,1
0.58982,7.4266,1
0.14783,7.946,1
-0.062025,6.1975,1
4.223,1.1319,1
0.64295,7.1018,1
1.941,0.46351,1
4.0047,0.45937,1
3.7767,9.7794,1
3.4769,-0.15314,1
1.9818,9.2621,1
3.8023,-3.8696,1
4.3483,11.1079,1
1.1518,1.3864,1
-1.2576,1.5892,1
1.9572,-5.1153,1
-2.484,12.1611,1
-1.1497,1.2954,1
4.8368,10.0132,1
-0.12196,8.8068,1
1.9429,6.3961,1
1.742,-4.809,1
-1.5222,10.8409,1
-1.3,10.2678,1
3.4246,-0.14693,1
2.5503,-4.9518,1
1.5691,6.3465,1
1.3087,4.9228,1
5.1776,8.2316,1
2.229,9.6325,1
5.6272,10.0857,1
1.2138,8.7986,1
0.3798,0.7098,1
0.5415,6.0319,1
4.0524,5.6802,1
4.7285,2.1065,1
3.4359,0.66216,1
0.86816,10.2429,1
3.359,9.8022,1
3.6702,2.9942,1
1.3349,6.1189,1
3.1887,-3.4143,1
2.4527,2.9653,1
3.9121,2.9735,1
3.9364,10.5885,1
3.9414,-3.2902,1
3.6922,-3.9585,1
5.681,7.795,1
0.77124,9.0862,1
3.5761,9.7753,1
1.602,6.1251,1
2.6682,10.216,1
2.0007,1.8644,1
0.64215,3.1287,1
4.3848,-3.0729,1
0.77445,9.0552,1
0.96574,8.393,1
3.0948,8.7324,1
4.9362,7.6046,1
-1.9458,11.2217,1
5.7403,-0.44284,1
-2.6989,12.1984,1
1.1472,3.5985,1
2.9742,8.96,1
4.5707,7.2094,1
0.1848,6.5079,1
0.87256,9.2931,1
0.39559,6.8866,1
3.8384,6.1851,1
2.8209,7.3108,1
2.5817,9.7546,1
3.8213,0.23175,1
0.3798,0.7098,1
3.4893,6.69,1
-1.7781,0.8546,1
2.0962,2.4769,1
0.94732,-0.57113,1
2.8261,9.4007,1
0.007125,8.3661,1
0.96788,7.1907,1
4.7432,2.1086,1
3.6575,7.2797,1
3.8832,6.4023,1
3.4776,8.811,1
1.1315,7.9212,1
2.8237,2.8597,1
1.9321,6.0423,1
3.0632,-3.3315,1
-1.8411,10.8306,1
2.8084,11.3045,1
2.5698,-4.4076,1
-0.12624,10.3216,1
3.3756,-4.0951,1
-0.048008,-1.6037,1
0.5706,-0.0248,1
0.88444,6.5906,1
3.8644,3.7061,1
1.2999,2.5762,1
2.0051,-6.8638,1
4.9294,0.27727,1
2.8297,6.3485,1
2.565,8.633,1
2.093,8.3061,1
4.6014,5.6264,1
5.0617,-0.35799,1
-0.2951,9.0489,1
3.577,2.4004,1
3.9433,2.5017,1
2.6648,10.754,1
5.9374,6.1664,1
2.0153,1.8479,1
5.8782,5.9409,1
-2.3983,12.606,1
1.762,4.3682,1
4.2406,-2.4852,1
3.4669,6.87,1
3.1896,5.7526,1
0.81356,9.1566,1
0.52855,0.96427,1
2.1319,-2.0403,1
0.33111,4.5731,1
1.2746,8.8172,1
2.2091,7.4556,1
2.5328,7.528,1
3.6244,1.4609,1
-1.3885,12.5026,1
5.7227,5.8312,1
3.3583,10.3567,1
2.5227,2.2369,1
0.045304,6.7334,1
4.8278,7.7598,1
1.9476,-4.7738,1
2.7659,0.66216,1
-0.10648,-0.76771,1
0.72252,-0.053811,1
4.2475,1.4816,1
3.9772,0.33521,1
3.6667,4.302,1
2.8232,10.8513,1
-1.4217,11.6542,1
4.2458,1.1981,1
4.1038,-4.8069,1
1.4507,8.7903,1
3.4647,-3.9172,1
1.8533,6.1458,1
3.5288,0.71596,1
3.9719,1.0367,1
3.534,9.3614,1
3.6894,9.887,1
3.0672,-4.4117,1
2.6463,-4.8152,1
2.2893,3.733,1
1.5673,7.9274,1
4.0405,0.51524,1
4.3846,-4.8794,1
2.0165,-0.25246,1
4.0446,11.1741,1
-0.33729,-0.64976,1
-2.4604,12.7302,1
4.1195,10.9258,1
2.0193,0.82356,1
1.5701,7.9129,1
2.6415,7.586,1
5.0214,8.0764,1
4.3435,3.3295,1
1.8238,-6.7748,1
3.9382,0.9291,1
2.2517,-5.1422,1
5.504,10.3671,1
2.8521,9.171,1
1.1676,9.1566,1
2.6104,8.0081,1
0.32444,10.067,1
3.8962,-4.7904,1
2.1752,-0.8091,1
1.1588,8.9331,1
4.7072,8.2957,1
-1.9667,11.8052,1
4.0552,0.40143,1
2.3678,-6.839,1
0.33565,6.8369,1
4.3398,-5.3036,1
1.5456,8.5482,1
1.4276,8.3847,1
-0.27802,8.1881,1
0.93611,8.6413,1
4.6352,-3.0087,1
1.5268,-5.5871,1
0.95626,2.4728,1
-2.7914,1.7734,1
5.2032,3.5116,1
3.1836,7.2321,1
0.65497,5.1815,1
5.6084,10.3009,1
1.105,7.4432,1
3.9292,-2.9156,1
1.1558,6.4003,1
2.5581,2.6218,1
2.7831,10.9796,1
3.7635,2.7811,1
-2.6479,10.1374,1
1.0652,8.3682,1
-1.4275,11.8797,1
5.7456,10.1808,1
5.086,3.2798,1
3.4092,5.4049,1
-0.2361,9.3221,1
3.8197,8.9951,1
-1.1391,1.8127,1
4.9249,0.68906,1
2.5089,6.841,1
-0.2062,9.2207,1
3.946,6.8514,1
-0.278,8.1881,1
1.8592,3.2074,1
0.56953,7.6294,1
3.4626,-4.449,1
3.3951,1.1484,1
5.0429,-0.52974,1
3.7758,7.1783,1
4.6562,7.6398,1
4.0948,-2.9674,1
1.8384,6.063,1
2.0153,0.43661,1
3.5251,0.7201,1
3.757,-5.4236,1
2.5989,3.5178,1
1.8994,0.97462,1
3.6941,-3.9482,1
4.4295,-2.3507,1
6.8248,5.2187,1
1.8967,-2.5163,1
2.1526,-6.1665,1
3.3004,7.0811,1
2.7213,7.05,1
3.8846,-3.0336,1
4.1665,-0.4449,1
0.94225,5.8561,1
5.1321,-0.031048,1
0.38251,6.8121,1
3.0333,-2.5928,1
2.9233,6.0464,1
1.162,10.2926,1
3.7791,2.5762,1
0.77765,5.9781,1
-0.38388,-1.0471,1
0.21084,9.4359,1
2.9571,-4.5938,1
4.6439,-3.3729,1
3.3577,-4.3062,1
3.5127,2.9073,1
2.6562,10.7044,1
-1.3612,10.694,1
-0.278,8.1881,1
1.04,-6.9321,1
2.1881,2.7356,1
4.2756,-2.6528,1
-0.11996,6.8741,1
2.9736,8.7944,1
3.7798,-3.3109,1
5.3586,3.7557,1
1.8373,6.1292,1
1.2262,0.89599,1
-0.048008,-0.56078,1
0.5706,-0.024841,1
4.3634,0.46351,1
3.482,-4.1634,1
0.51947,-3.2633,1
2.3164,-2.628,1
-1.8348,11.0334,1
1.3754,8.8793,1
-0.16682,5.8974,1
0.29961,7.1328,1
0.25035,9.3262,1
2.4673,1.3926,1
0.77805,6.6424,1
3.4465,2.9508,1
2.2429,-4.1427,1
3.7321,-3.884,1
4.3365,-3.584,1
-2.0759,10.8223,1
4.0715,7.6398,1
0.76163,5.8209,1
-0.53966,7.3273,1
2.6213,5.7919,1
3.0242,-3.3378,1
5.8519,5.3905,1
0.5706,-0.0248,1
3.9771,11.1513,1
1.5478,9.1814,1
0.74054,0.36625,1
0.49571,10.2243,1
1.645,7.8612,1
3.6077,6.8576,1
3.2403,-3.7082,1
3.9166,10.2491,1
3.9262,6.0299,1
5.591,10.4643,1
3.7522,-3.6978,1
1.3114,4.5462,1
3.7022,6.9942,1
4.364,-3.1039,1
3.5829,1.4423,1
4.65,-4.8297,1
5.1731,3.9606,1
3.2692,3.4184,1
2.4012,1.6223,1
1.7257,-4.4697,1
4.7965,6.9859,1
4.0962,10.1891,1
2.5559,3.3605,1
3.4916,8.5709,1
0.5195,-3.2633,1
2.9856,7.2673,1
4.0932,5.4132,1
1.7748,-0.76978,1
5.2012,0.32694,1
-0.45062,-1.3678,1
4.8451,8.1116,1
0.74841,7.2756,1
5.1213,8.5565,1
3.6181,-3.7454,1
0.040498,8.5234,1
-2.6479,10.1374,1
0.37984,0.70975,1
-0.95923,0.091039,1
2.8672,10.0008,1
1.0182,9.109,1
-2.7143,11.4535,1
3.8244,-3.1081,1
2.7961,2.121,1
3.5358,6.7086,1
-0.7056,8.7241,1
4.1542,7.2756,1
0.92703,9.4318,1
1.8216,-6.4748,1
-2.4473,12.6247,1
3.5862,-3.0957,1
0.66191,9.6594,1
4.7926,1.7071,1
4.9852,8.3516,1
0.75736,3.0294,1
4.6499,7.6336,1
-0.023579,7.1742,1
0.85574,0.008268,1
0.88298,0.66009,1
4.0422,-4.391,1
2.2546,8.0992,1
0.38478,6.5989,1
3.1541,-5.1711,1
2.3969,0.23589,1
4.7114,2.0755,1
4.0127,10.1477,1
2.6606,3.1681,1
3.931,1.8541,1
0.01727,8.693,1
3.2414,0.40971,1
2.2504,3.5757,1
-1.3971,3.3191,2
0.39012,-0.14279,2
-1.6677,-7.1535,2
-3.8483,-12.8047,2
-3.5681,-8.213,2
-2.2804,-0.30626,2
-1.7582,2.7397,2
-0.89409,3.1991,2
0.3434,0.12415,2
-0.9854,-6.661,2
-2.4115,-9.1359,2
-1.5252,-6.2534,2
-0.61442,-0.091058,2
-0.36506,2.8928,2
-5.9034,6.5679,2
-1.8215,2.7521,2
-0.77461,-1.8768,2
-1.8187,-9.0366,2
-3.5801,-12.9309,2
-1.8219,-6.8824,2
-0.3481,-0.38696,2
0.47368,3.3605,2
-3.4083,4.8587,2
-1.6662,-0.30005,2
-2.0962,-7.1059,2
-2.6685,-10.4519,2
-0.47465,-4.3496,2
1.0552,1.1857,2
1.1644,3.8095,2
-4.4779,7.3708,2
-2.7338,0.45523,2
-2.286,-5.4484,2
-1.6244,-6.3444,2
0.50813,0.47799,2
1.6408,4.2503,2
0.81583,4.84,2
-5.4901,9.1048,2
-3.2238,2.7935,2
-2.0631,-1.5147,2
-0.91318,-2.0113,2
0.6005,1.9327,2
0.91315,3.3377,2
-0.28015,3.0729,2
-3.6085,3.3253,2
-6.2003,8.6806,2
-4.2932,3.3419,2
-3.0265,-0.062088,2
-1.7015,-0.010356,2
-0.64326,2.4748,2
-0.86339,1.9348,2
-2.0659,1.0512,2
-2.1333,1.5685,2
-1.2568,-1.4733,2
-3.1128,-6.841,2
-4.8554,-5.9037,2
-2.588,3.8654,2
0.24394,1.4733,2
-1.5322,-5.0966,2
-4.0025,-13.4979,2
-4.0173,-8.3123,2
-3.0731,-0.53181,2
-1.979,3.2301,2
-0.4294,-0.14693,2
-2.234,-7.0314,2
-4.211,-12.4736,2
-3.8073,-8.0971,2
-2.5912,-0.10554,2
-2.2482,3.0915,2
-1.4427,3.2922,2
-0.39416,-0.020702,2
-1.522,-6.6383,2
-2.8267,-9.0407,2
-1.7263,-6.0237,2
-0.94255,0.039307,2
-0.89569,3.0025,2
-6.2815,6.6651,2
-2.3211,3.166,2
-1.3414,-2.0776,2
-2.258,-9.3263,2
-3.8858,-12.8461,2
-1.8969,-6.7893,2
-0.52645,-0.24832,2
0.009661,3.5612,2
-3.8826,4.898,2
-2.1405,-0.16762,2
-2.4824,-7.3046,2
-2.9098,-10.0712,2
-0.60975,-4.002,2
0.83625,1.1071,2
0.60731,3.9544,2
-4.8861,7.0542,2
-3.1366,0.42212,2
-2.5754,-5.6574,2
-1.8782,-6.5865,2
0.24261,0.57318,2
1.296,4.2855,2
0.25943,5.0097,2
-5.873,9.1752,2
-3.4605,2.6901,2
-2.3797,-1.4402,2
-1.2424,-1.7175,2
0.20216,1.9182,2
0.59823,3.5012,2
-0.77995,3.2322,2
-4.1409,3.4619,2
-6.5084,8.7696,2
-4.4996,3.4288,2
-3.3125,0.10139,2
-1.9423,0.3766,2
-0.75793,2.5349,2
-0.95403,1.9824,2
-2.2173,1.4671,2
-2.799,1.9679,2
-1.8629,-0.84841,2
-3.5916,-6.2285,2
-5.1216,-5.3118,2
-3.2854,4.0372,2
-0.56877,1.4174,2
-2.3518,-4.8359,2
-4.4861,-13.2889,2
-4.3876,-7.7267,2
-3.3604,-0.32696,2
-1.0112,2.9984,2
0.030219,-1.0512,2
-1.6514,-8.4985,2
-3.2692,-12.7406,2
-2.5701,-6.8452,2
-1.3066,0.25244,2
-1.6637,3.2881,2
-0.55008,2.8659,2
0.21431,-0.69529,2
-0.77288,-7.4473,2
-1.8391,-9.0883,2
-0.63298,-5.1277,2
0.004055,0.62905,2
-0.28696,3.1784,2
-5.2406,6.6258,2
-1.4446,2.1438,2
-0.65767,-2.8018,2
-1.5449,-10.1498,2
-2.8957,-12.0205,2
-0.81479,-5.7381,2
0.50225,0.65388,2
0.74521,3.6357,2
-2.9146,4.0537,2
-1.3907,-1.3781,2
-1.786,-8.1157,2
-1.7322,-9.2828,2
0.55298,-3.4619,2
2.031,1.852,2
1.2279,4.0309,2
-4.2249,6.2699,2
-2.5346,-0.77392,2
-1.749,-6.332,2
-0.539,-5.167,2
1.5631,0.89599,2
2.3917,4.5565,2
0.89512,4.7738,2
-5.4808,8.1819,2
-2.8833,1.7713,2
-1.4174,-2.2535,2
0.4283,-0.94981,2
1.5904,2.2121,2
1.7425,3.6833,2
-0.23356,3.2405,2
-3.6227,3.9958,2
-6.1536,7.9295,2
-3.9172,2.6652,2
-2.2214,-0.23798,2
-0.49241,0.89392,2
0.26517,2.4066,2
-0.10234,1.8189,2
-1.6176,1.0926,2
-1.8448,1.254,2
-1.2786,-2.4087,2
-2.902,-7.6563,2
-4.3773,-5.5167,2
-2.0529,3.8385,2
0.18868,0.70148,2
-1.7279,-6.841,2
-3.3793,-13.7731,2
-3.1273,-7.1121,2
-2.121,-0.05588,2
-1.7697,3.4329,2
-0.001285,0.13863,2
-1.682,-6.8121,2
-3.4917,-12.1736,2
-3.1158,-8.6289,2
-2.0891,-0.48422,2
-1.6936,2.7852,2
-1.2846,3.2715,2
-0.092194,0.39315,2
-1.0292,-6.3879,2
-2.2083,-9.1069,2
-1.0744,-6.3113,2
-0.51003,-0.23591,2
-0.36372,3.0439,2
-6.3979,6.4479,2
-2.2501,3.3129,2
-1.1859,-1.2519,2
-1.8076,-8.8131,2
-3.3863,-12.9889,2
-1.4106,-7.108,2
-0.21394,-0.68287,2
0.48797,3.5674,2
-3.8167,5.1401,2
-1.9555,0.20692,2
-2.1786,-6.4479,2
-2.3299,-9.9532,2
0.00312,-4.0061,2
1.3518,1.0595,2
1.2309,3.8923,2
-5.0301,7.5032,2
-3.0799,0.60836,2
-2.2987,-5.227,2
-1.239,-6.541,2
0.75896,0.29176,2
1.6799,4.2068,2
0.63655,5.2022,2
-6.0598,9.2952,2
-3.518,2.8763,2
-2.0336,-1.4092,2
-0.69745,-1.7672,2
0.75108,1.9161,2
0.84546,3.4826,2
-0.55648,3.2136,2
-3.6817,3.2239,2
-6.7526,8.8172,2
-4.577,3.4515,2
-2.9883,0.31245,2
-1.4781,0.14277,2
-0.46651,2.3383,2
-0.8734,1.6533,2
-2.1234,1.1815,2
-2.3142,2.0838,2
-1.4233,-0.98912,2
-3.0866,-6.6362,2
-4.7331,-6.1789,2
-2.8829,3.8964,2
-0.036127,1.525,2
-1.7104,-4.778,2
-3.8203,-13.0551,2
-3.7181,-8.5089,2
-2.899,-0.60424,2
-0.98193,2.7956,2
-0.17296,-1.1816,2
-1.9409,-8.6848,2
-3.5713,-12.4922,2
-2.9915,-6.6258,2
-1.8483,0.31038,2
-2.2677,3.2964,2
-0.50816,2.868,2
0.14329,-1.0885,2
-0.90784,-7.9026,2
-2.0042,-9.3676,2
-0.93587,-5.1008,2
-0.40804,0.54214,2
-0.8172,3.3812,2
-4.8392,6.6755,2
-1.2792,2.1376,2
-0.66008,-3.226,2
-1.7713,-10.7665,2
-3.0061,-12.2377,2
-1.1022,-5.8395,2
0.11806,0.39108,2
0.11686,3.735,2
-2.7264,3.9213,2
-1.2369,-1.6906,2
-1.8439,-8.6475,2
-1.8554,-9.6035,2
0.16358,-3.3584,2
1.5077,1.9596,2
0.67886,4.1199,2
-3.9934,5.8333,2
-2.3898,-0.78427,2
-1.7976,-6.7686,2
-0.70867,-5.5602,2
1.0194,1.1029,2
1.7875,4.78,2
0.27331,4.8773,2
-5.1661,8.0433,2
-2.7028,1.6327,2
-1.4904,-2.2183,2
-0.014902,-1.0243,2
0.88992,2.2638,2
1.0637,3.6957,2
-0.8471,3.1329,2
-3.9594,4.0289,2
-5.8818,7.6584,2
-3.7747,2.5162,2
-2.4198,-0.24418,2
-0.83535,0.80494,2
-0.30432,2.6528,2
-0.60254,1.7237,2
-2.1059,1.1815,2
-2.0441,1.2271,2
-1.5621,-2.2121,2
-3.2305,-7.2135,2
-4.8426,-4.9932,2
-2.3147,3.6668,2
-0.11716,0.60422,2
-2.0066,-6.719,2
-3.6961,-13.6779,2
-3.6012,-6.5389,2
-2.6286,0.18002,2
-0.82601,2.9611,2
0.31803,-0.99326,2
-1.4454,-8.4385,2
-3.1423,-13.0365,2
-2.5373,-6.959,2
-1.366,0.18416,2
-1.7064,3.3088,2
-0.41965,2.9094,2
0.37637,-0.82358,2
-0.55355,-7.9233,2
-1.6001,-9.5828,2
-0.37013,-5.554,2
0.12126,0.22347,2
-0.27068,3.2674,2
-5.119,6.6486,2
-1.3946,2.3134,2
-0.69879,-3.3771,2
-1.48,-10.5244,2
-2.6649,-12.813,2
-0.62684,-6.301,2
0.518,0.25865,2
0.64376,3.764,2
-2.9821,4.1986,2
-1.4628,-1.5706,2
-1.7101,-8.7903,2
-1.5572,-9.8808,2
0.74428,-3.7723,2
2.0177,1.7982,2
1.164,3.913,2
-4.3667,6.0692,2
-2.5919,-1.0553,2
-1.8046,-6.8141,2
-0.71868,-5.7154,2
1.4378,0.66837,2
2.1943,4.5503,2
0.7376,4.8525,2
-5.637,8.1261,2
-3.0193,1.7775,2
-1.6706,-2.09,2
-0.1269,-1.1505,2
1.2198,2.0982,2
1.4501,3.6067,2
-0.40857,3.0977,2
-3.8952,3.8157,2
-6.3679,8.0102,2
-4.1429,2.7749,2
-2.6864,-0.097265,2
-1.0555,0.79459,2
-0.29858,2.4769,2
-0.49948,1.7734,2
-1.9881,0.99945,2
-1.9389,1.5706,2
-1.4375,-1.8624,2
-3.1875,-7.5756,2
-4.6765,-5.6636,2
-2.0285,3.8468,2
0.26637,0.73252,2
-1.7589,-6.4624,2
-3.5985,-13.6593,2
-3.3582,-7.2404,2
-2.3629,-0.10554,2
-2.1802,3.3791,2
-0.40951,-0.15521,2
-2.2918,-7.257,2
-4.0214,-12.8006,2
-3.3884,-8.215,2
-2.0046,-0.49457,2
-1.7063,2.7956,2
-1.6386,3.3584,2
-0.41645,0.32487,2
-1.5877,-6.6072,2
-2.5961,-9.349,2
-1.5228,-6.4789,2
-0.53072,-0.097265,2
-0.49081,2.8452,2
-6.5773,6.8017,2
-2.4621,2.7645,2
-1.3995,-1.9162,2
-2.3221,-9.3304,2
-3.73,-12.9723,2
-1.6988,-7.1163,2
-0.26654,-0.64562,2
0.33325,3.3108,2
-4.2091,4.7283,2
-2.3142,-0.68494,2
-2.4835,-7.4494,2
-2.7611,-10.5099,2
-0.36025,-4.449,2
1.0117,0.9022,2
0.96708,3.8426,2
-5.2049,7.259,2
-3.3203,-0.02691,2
-2.565,-5.7899,2
-1.5951,-6.572,2
0.7049,0.17174,2
1.7331,3.9544,2
0.6818,4.8504,2
-6.3364,9.2848,2
-3.8053,2.4273,2
-2.1979,-2.1252,2
-0.87874,-2.2121,2
0.74067,1.7299,2
0.98296,3.4226,2
-0.3489,3.1929,2
-3.8552,3.5219,2
-6.9599,8.9931,2
-4.7462,3.1205,2
-3.2051,-0.14279,2
-1.7549,-0.080711,2
-0.59587,2.4811,2
-0.89542,2.0279,2
-2.0754,1.2767,2
-3.2778,1.8023,2
-2.2183,-1.254,2
-3.5895,-6.572,2
-5.0477,-5.8023,2
-3.5741,3.944,2
-0.7351,1.7361,2
-2.2617,-4.7428,2
-4.244,-13.0634,2
-4.0218,-8.304,2
-3.0201,-0.67253,2
-2.4941,3.5447,2
-0.83121,0.039307,2
-2.5665,-6.8824,2
-4.4018,-12.9371,2
-3.7573,-8.2916,2
-2.4725,-0.40145,2
-1.9725,2.8825,2
-2.0149,3.6874,2
-0.82053,0.65181,2
-1.7886,-6.3486,2
-2.9138,-9.4711,2
-1.8343,-6.5907,2
-0.8734,-0.033118,2
-0.70346,2.957,2
-6.7387,6.9879,2
-2.7723,3.2777,2
-1.6641,-1.3678,2
-2.4349,-9.2497,2
-3.793,-12.7095,2
-1.9551,-6.9756,2
-0.69078,-0.50077,2
0.025013,3.3998,2
-4.3967,4.9601,2
-2.456,-0.24418,2
-2.62,-6.8555,2
-2.9662,-10.3257,2
-0.71494,-4.4448,2
0.6005,0.99945,2
0.61652,3.8944,2
-5.4414,7.2363,2
-3.5798,0.45937,2
-2.7769,-5.6967,2
-1.8356,-6.7562,2
0.30081,0.17381,2
1.3403,4.1323,2
0.26877,4.987,2
-6.5235,9.6014,2
-4.0679,2.4955,2
-2.564,-1.7051,2
-1.3414,-1.9162,2
0.23874,2.0879,2
0.6212,3.6771,2
-0.77848,3.4019,2
-4.1244,3.7909,2
-7.0421,9.2,2
-4.9462,3.5716,2
-3.5359,0.30417,2
-2.0662,0.16967,2
-0.88728,2.808,2
-1.0941,2.3072,2
-2.4458,1.6285,2
-3.551,1.8955,2
-2.2811,-0.85669,2
-3.6053,-5.974,2
-5.0676,-5.1877,2
-3.9204,4.0723,2
-1.1306,1.8458,2
-2.4561,-4.5566,2
-4.4775,-13.0303,2
-4.1958,-8.1819,2
-3.38,-0.7077,2
-2.4365,3.6026,2
-0.77688,0.13036,2
-2.7083,-6.8266,2
-4.5531,-12.5854,2
-3.8894,-7.8322,2
-2.5084,-0.22763,2
-2.1652,3.0211,2
-1.8974,3.5074,2
-0.62043,0.5587,2
-1.8387,-6.301,2
-3,-9.1566,2
-1.9116,-6.1603,2
-1.005,0.084831,2
-0.87834,3.257,2
-6.651,6.7934,2
-2.5463,3.1101,2
-1.4377,-1.432,2
-2.4554,-9.0407,2
-3.9411,-12.8792,2
-2.1241,-6.8969,2
-0.74324,-0.32902,2
-0.071503,3.7412,2
-4.2333,4.9166,2
-2.3675,-0.43663,2
-2.5526,-7.3625,2
-3.0986,-10.4602,2
-0.89809,-4.4862,2
0.56232,1.0015,2
0.53936,3.8944,2
-5.3012,7.3915,2
-3.3553,0.35591,2
-2.7908,-5.7133,2
-1.9983,-6.6072,2
0.15423,0.11794,2
1.208,4.0744,2
0.2952,4.8856,2
-6.4247,9.5311,2
-3.9933,2.6218,2
-2.659,-1.6058,2
-1.4094,-2.1252,2
0.11032,1.9741,2
0.52374,3.644,2
-0.76794,3.4598,2
-3.9698,3.6812,2
-7.0364,9.2931,2
-4.9447,3.3005,2
-3.5933,0.22968,2
-2.1674,0.12415,2
-0.9607,2.6963,2
-1.0802,2.1996,2
-2.3277,1.4381,2
-3.7244,1.9037,2
-2.5724,-0.95602,2
-3.9297,-6.0816,2
-5.2943,-5.1463,2
-3.8953,4.0392,2
-1.2244,1.7485,2
-2.6406,-4.4159,2
-4.6338,-12.7509,2
-4.2887,-7.8633,2
-3.3458,-0.50491,2
-1.1188,3.3357,2
0.55939,-0.3104,2
-1.5078,-7.3191,2
-3.506,-12.5667,2
-2.9498,-8.273,2
-1.6029,-0.38903,2
-1.2667,2.8183,2
-0.49281,3.0605,2
0.66365,-0.045533,2
-0.72068,-6.7583,2
-1.9966,-9.5001,2
-0.97325,-6.4168,2
-0.025314,-0.17383,2
0.062525,2.9301,2
-5.525,6.3258,2
-1.2943,2.6735,2
-0.24037,-1.7837,2
-1.3968,-9.6698,2
-2.9672,-13.2869,2
-1.1005,-7.2508,2
0.22432,-0.52147,2
0.90407,3.3708,2
-2.8619,4.5193,2
-1.0833,-0.31247,2
-1.5681,-7.2446,2
-2.0545,-10.8679,2
0.2346,-4.5152,2
1.581,0.86909,2
1.5514,3.8013,2
-4.1479,7.1225,2
-2.2625,-0.099335,2
-1.7479,-5.823,2
-0.95923,-6.7128,2
1.3451,0.23589,2
2.2279,4.0951,2
1.2572,4.8731,2
-5.3857,9.1214,2
-2.9786,2.3445,2
-1.5851,-2.1562,2
-0.21888,-2.2038,2
1.3183,1.9017,2
1.4896,3.4288,2
0.11592,3.2219,2
-3.3924,3.3564,2
-6.1632,8.7096,2
-4.0786,2.9239,2
-2.5899,-0.3911,2
-1.0116,-0.19038,2
0.066129,2.4914,2
-0.24745,1.9368,2
-1.5732,1.0636,2
-2.1668,1.5933,2
-1.1667,-1.4237,2
-2.8391,-6.63,2
-4.5046,-5.8126,2
-2.41,3.7433,2
0.40614,1.3492,2
-1.3887,-4.8773,2
-3.7503,-13.4586,2
-3.5637,-8.3827,2
-2.5419,-0.65804,2
